MESA,Departamento,Municipio,Circuito,ESTADO
1,241 -- CAPITAL,1 -- CAPITAL,1 -- CAPITAL,
2,241 -- CAPITAL,1 -- CAPITAL,1 -- CAPITAL,
3,241 -- CAPITAL,1 -- CAPITAL,1 -- CAPITAL,
4,241 -- CAPITAL,1 -- CAPITAL,1 -- CAPITAL,
5,241 -- CAPITAL,1 -- CAPITAL,1 -- CAPITAL,
6,241 -- CAPITAL,1 -- CAPITAL,1 -- CAPITAL,
7,241 -- CAPITAL,1 -- CAPITAL,1 -- CAPITAL,
8,241 -- CAPITAL,1 -- CAPITAL,1 -- CAPITAL,
9,241 -- CAPITAL,1 -- CAPITAL,1 -- CAPITAL,
10,241 -- CAPITAL,1 -- CAPITAL,1 -- CAPITAL,
11,241 -- CAPITAL,1 -- CAPITAL,1 -- CAPITAL,
12,241 -- CAPITAL,1 -- CAPITAL,1 -- CAPITAL,
13,241 -- CAPITAL,1 -- CAPITAL,1 -- CAPITAL,
14,241 -- CAPITAL,1 -- CAPITAL,1 -- CAPITAL,
15,241 -- CAPITAL,1 -- CAPITAL,1 -- CAPITAL,
16,241 -- CAPITAL,1 -- CAPITAL,1 -- CAPITAL,
17,241 -- CAPITAL,1 -- CAPITAL,1 -- CAPITAL,
18,241 -- CAPITAL,1 -- CAPITAL,1 -- CAPITAL,
19,241 -- CAPITAL,1 -- CAPITAL,1 -- CAPITAL,
20,241 -- CAPITAL,1 -- CAPITAL,1 -- CAPITAL,
21,241 -- CAPITAL,1 -- CAPITAL,1 -- CAPITAL,
22,241 -- CAPITAL,1 -- CAPITAL,1 -- CAPITAL,
23,241 -- CAPITAL,1 -- CAPITAL,1 -- CAPITAL,
24,241 -- CAPITAL,1 -- CAPITAL,1 -- CAPITAL,
25,241 -- CAPITAL,1 -- CAPITAL,1 -- CAPITAL,
26,241 -- CAPITAL,1 -- CAPITAL,1 -- CAPITAL,
27,241 -- CAPITAL,1 -- CAPITAL,1 -- CAPITAL,
28,241 -- CAPITAL,1 -- CAPITAL,1 -- CAPITAL,
29,241 -- CAPITAL,1 -- CAPITAL,2 -- CAPITAL,
30,241 -- CAPITAL,1 -- CAPITAL,2 -- CAPITAL,
31,241 -- CAPITAL,1 -- CAPITAL,2 -- CAPITAL,
32,241 -- CAPITAL,1 -- CAPITAL,2 -- CAPITAL,
33,241 -- CAPITAL,1 -- CAPITAL,2 -- CAPITAL,
34,241 -- CAPITAL,1 -- CAPITAL,2 -- CAPITAL,
35,241 -- CAPITAL,1 -- CAPITAL,2 -- CAPITAL,
36,241 -- CAPITAL,1 -- CAPITAL,2 -- CAPITAL,
37,241 -- CAPITAL,1 -- CAPITAL,2 -- CAPITAL,
38,241 -- CAPITAL,1 -- CAPITAL,2 -- CAPITAL,
39,241 -- CAPITAL,1 -- CAPITAL,2 -- CAPITAL,
40,241 -- CAPITAL,1 -- CAPITAL,2 -- CAPITAL,
41,241 -- CAPITAL,1 -- CAPITAL,2 -- CAPITAL,
42,241 -- CAPITAL,1 -- CAPITAL,2 -- CAPITAL,
43,241 -- CAPITAL,1 -- CAPITAL,2 -- CAPITAL,
44,241 -- CAPITAL,1 -- CAPITAL,2 -- CAPITAL,
45,241 -- CAPITAL,1 -- CAPITAL,2 -- CAPITAL,
46,241 -- CAPITAL,1 -- CAPITAL,2 -- CAPITAL,
47,241 -- CAPITAL,1 -- CAPITAL,2 -- CAPITAL,
48,241 -- CAPITAL,1 -- CAPITAL,2 -- CAPITAL,
49,241 -- CAPITAL,1 -- CAPITAL,2 -- CAPITAL,
50,241 -- CAPITAL,1 -- CAPITAL,2 -- CAPITAL,
51,241 -- CAPITAL,1 -- CAPITAL,2 -- CAPITAL,
52,241 -- CAPITAL,1 -- CAPITAL,2 -- CAPITAL,
53,241 -- CAPITAL,1 -- CAPITAL,2 -- CAPITAL,
54,241 -- CAPITAL,1 -- CAPITAL,2 -- CAPITAL,
55,241 -- CAPITAL,1 -- CAPITAL,2 -- CAPITAL,
56,241 -- CAPITAL,1 -- CAPITAL,2 -- CAPITAL,
57,241 -- CAPITAL,1 -- CAPITAL,2 -- CAPITAL,
58,241 -- CAPITAL,1 -- CAPITAL,2 -- CAPITAL,
59,241 -- CAPITAL,1 -- CAPITAL,2 -- CAPITAL,
60,241 -- CAPITAL,1 -- CAPITAL,2 -- CAPITAL,
61,241 -- CAPITAL,1 -- CAPITAL,2 -- CAPITAL,
62,241 -- CAPITAL,1 -- CAPITAL,2 -- CAPITAL,
63,241 -- CAPITAL,1 -- CAPITAL,2 -- CAPITAL,
64,241 -- CAPITAL,1 -- CAPITAL,2A -- CAPITAL,
65,241 -- CAPITAL,1 -- CAPITAL,2A -- CAPITAL,
66,241 -- CAPITAL,1 -- CAPITAL,2A -- CAPITAL,
67,241 -- CAPITAL,1 -- CAPITAL,2A -- CAPITAL,
68,241 -- CAPITAL,1 -- CAPITAL,2A -- CAPITAL,
69,241 -- CAPITAL,1 -- CAPITAL,2A -- CAPITAL,
70,241 -- CAPITAL,1 -- CAPITAL,2A -- CAPITAL,
71,241 -- CAPITAL,1 -- CAPITAL,2A -- CAPITAL,
72,241 -- CAPITAL,1 -- CAPITAL,2A -- CAPITAL,
73,241 -- CAPITAL,1 -- CAPITAL,2A -- CAPITAL,
74,241 -- CAPITAL,1 -- CAPITAL,2A -- CAPITAL,
75,241 -- CAPITAL,1 -- CAPITAL,2A -- CAPITAL,
76,241 -- CAPITAL,1 -- CAPITAL,2A -- CAPITAL,
77,241 -- CAPITAL,1 -- CAPITAL,2A -- CAPITAL,
78,241 -- CAPITAL,1 -- CAPITAL,2A -- CAPITAL,
79,241 -- CAPITAL,1 -- CAPITAL,2A -- CAPITAL,
80,241 -- CAPITAL,1 -- CAPITAL,2A -- CAPITAL,
81,241 -- CAPITAL,1 -- CAPITAL,2A -- CAPITAL,
82,241 -- CAPITAL,1 -- CAPITAL,2A -- CAPITAL,
83,241 -- CAPITAL,1 -- CAPITAL,2A -- CAPITAL,
84,241 -- CAPITAL,1 -- CAPITAL,2A -- CAPITAL,
85,241 -- CAPITAL,1 -- CAPITAL,2A -- CAPITAL,
86,241 -- CAPITAL,1 -- CAPITAL,2A -- CAPITAL,
87,241 -- CAPITAL,1 -- CAPITAL,2A -- CAPITAL,
88,241 -- CAPITAL,1 -- CAPITAL,2A -- CAPITAL,
89,241 -- CAPITAL,1 -- CAPITAL,2A -- CAPITAL,
90,241 -- CAPITAL,1 -- CAPITAL,2A -- CAPITAL,
91,241 -- CAPITAL,1 -- CAPITAL,2A -- CAPITAL,
92,241 -- CAPITAL,1 -- CAPITAL,2A -- CAPITAL,
93,241 -- CAPITAL,1 -- CAPITAL,2A -- CAPITAL,
94,241 -- CAPITAL,1 -- CAPITAL,2A -- CAPITAL,
95,241 -- CAPITAL,1 -- CAPITAL,2A -- CAPITAL,
96,241 -- CAPITAL,1 -- CAPITAL,2A -- CAPITAL,
97,241 -- CAPITAL,1 -- CAPITAL,2A -- CAPITAL,
98,241 -- CAPITAL,1 -- CAPITAL,2A -- CAPITAL,
99,241 -- CAPITAL,1 -- CAPITAL,2A -- CAPITAL,
100,241 -- CAPITAL,1 -- CAPITAL,2A -- CAPITAL,
101,241 -- CAPITAL,1 -- CAPITAL,2A -- CAPITAL,
102,241 -- CAPITAL,1 -- CAPITAL,2A -- CAPITAL,
103,241 -- CAPITAL,1 -- CAPITAL,2A -- CAPITAL,
104,241 -- CAPITAL,1 -- CAPITAL,2A -- CAPITAL,
105,241 -- CAPITAL,1 -- CAPITAL,2A -- CAPITAL,
106,241 -- CAPITAL,1 -- CAPITAL,2A -- CAPITAL,
107,241 -- CAPITAL,1 -- CAPITAL,2A -- CAPITAL,
108,241 -- CAPITAL,1 -- CAPITAL,2A -- CAPITAL,
109,241 -- CAPITAL,1 -- CAPITAL,2A -- CAPITAL,
110,241 -- CAPITAL,1 -- CAPITAL,2A -- CAPITAL,
111,241 -- CAPITAL,1 -- CAPITAL,2A -- CAPITAL,
112,241 -- CAPITAL,1 -- CAPITAL,2A -- CAPITAL,
113,241 -- CAPITAL,1 -- CAPITAL,2A -- CAPITAL,
114,241 -- CAPITAL,1 -- CAPITAL,2A -- CAPITAL,
115,241 -- CAPITAL,1 -- CAPITAL,2A -- CAPITAL,
116 (BUE),241 -- CAPITAL,1 -- CAPITAL,3 -- CAPITAL,
117 (BUE),241 -- CAPITAL,1 -- CAPITAL,3 -- CAPITAL,
118 (BUE),241 -- CAPITAL,1 -- CAPITAL,3 -- CAPITAL,
119 (BUE),241 -- CAPITAL,1 -- CAPITAL,3 -- CAPITAL,
120 (BUE),241 -- CAPITAL,1 -- CAPITAL,3 -- CAPITAL,
121 (BUE),241 -- CAPITAL,1 -- CAPITAL,3 -- CAPITAL,
122 (BUE),241 -- CAPITAL,1 -- CAPITAL,3 -- CAPITAL,
123 (BUE),241 -- CAPITAL,1 -- CAPITAL,3 -- CAPITAL,
124 (BUE),241 -- CAPITAL,1 -- CAPITAL,3 -- CAPITAL,
125 (BUE),241 -- CAPITAL,1 -- CAPITAL,3 -- CAPITAL,
126,241 -- CAPITAL,1 -- CAPITAL,3 -- CAPITAL,
127,241 -- CAPITAL,1 -- CAPITAL,3 -- CAPITAL,
128,241 -- CAPITAL,1 -- CAPITAL,3 -- CAPITAL,
129,241 -- CAPITAL,1 -- CAPITAL,3 -- CAPITAL,
130,241 -- CAPITAL,1 -- CAPITAL,3 -- CAPITAL,
131,241 -- CAPITAL,1 -- CAPITAL,3 -- CAPITAL,
132,241 -- CAPITAL,1 -- CAPITAL,3 -- CAPITAL,
133,241 -- CAPITAL,1 -- CAPITAL,4 -- CAPITAL,
134,241 -- CAPITAL,1 -- CAPITAL,4 -- CAPITAL,
135,241 -- CAPITAL,1 -- CAPITAL,4 -- CAPITAL,
136,241 -- CAPITAL,1 -- CAPITAL,4 -- CAPITAL,
137,241 -- CAPITAL,1 -- CAPITAL,4 -- CAPITAL,
138,241 -- CAPITAL,1 -- CAPITAL,4 -- CAPITAL,
139,241 -- CAPITAL,1 -- CAPITAL,4 -- CAPITAL,
140,241 -- CAPITAL,1 -- CAPITAL,4 -- CAPITAL,
141,241 -- CAPITAL,1 -- CAPITAL,4 -- CAPITAL,
142,241 -- CAPITAL,1 -- CAPITAL,4 -- CAPITAL,
143,241 -- CAPITAL,1 -- CAPITAL,4 -- CAPITAL,
144,241 -- CAPITAL,1 -- CAPITAL,4 -- CAPITAL,
145,241 -- CAPITAL,1 -- CAPITAL,4 -- CAPITAL,
146,241 -- CAPITAL,1 -- CAPITAL,4 -- CAPITAL,
147,241 -- CAPITAL,1 -- CAPITAL,4 -- CAPITAL,
148,241 -- CAPITAL,1 -- CAPITAL,4 -- CAPITAL,
149,241 -- CAPITAL,1 -- CAPITAL,4 -- CAPITAL,
150,241 -- CAPITAL,1 -- CAPITAL,4 -- CAPITAL,
151,241 -- CAPITAL,1 -- CAPITAL,4 -- CAPITAL,
152,241 -- CAPITAL,1 -- CAPITAL,4 -- CAPITAL,
153,241 -- CAPITAL,1 -- CAPITAL,4 -- CAPITAL,
154,241 -- CAPITAL,1 -- CAPITAL,4 -- CAPITAL,
155,241 -- CAPITAL,1 -- CAPITAL,4 -- CAPITAL,
156,241 -- CAPITAL,1 -- CAPITAL,4 -- CAPITAL,
157,241 -- CAPITAL,1 -- CAPITAL,4 -- CAPITAL,
158,241 -- CAPITAL,1 -- CAPITAL,5 -- CAPITAL,
159,241 -- CAPITAL,1 -- CAPITAL,5 -- CAPITAL,
160,241 -- CAPITAL,1 -- CAPITAL,5 -- CAPITAL,
161,241 -- CAPITAL,1 -- CAPITAL,5 -- CAPITAL,
162,241 -- CAPITAL,1 -- CAPITAL,5 -- CAPITAL,
163,241 -- CAPITAL,1 -- CAPITAL,5 -- CAPITAL,
164,241 -- CAPITAL,1 -- CAPITAL,5 -- CAPITAL,
165,241 -- CAPITAL,1 -- CAPITAL,5 -- CAPITAL,
166,241 -- CAPITAL,1 -- CAPITAL,5 -- CAPITAL,
167,241 -- CAPITAL,1 -- CAPITAL,5 -- CAPITAL,
168,241 -- CAPITAL,1 -- CAPITAL,5 -- CAPITAL,
169,241 -- CAPITAL,1 -- CAPITAL,5 -- CAPITAL,
170,241 -- CAPITAL,1 -- CAPITAL,5 -- CAPITAL,
171,241 -- CAPITAL,1 -- CAPITAL,5 -- CAPITAL,
172,241 -- CAPITAL,1 -- CAPITAL,5 -- CAPITAL,
173,241 -- CAPITAL,1 -- CAPITAL,5 -- CAPITAL,
174,241 -- CAPITAL,1 -- CAPITAL,5 -- CAPITAL,
175,241 -- CAPITAL,1 -- CAPITAL,5 -- CAPITAL,
176,241 -- CAPITAL,1 -- CAPITAL,5 -- CAPITAL,
177,241 -- CAPITAL,1 -- CAPITAL,5 -- CAPITAL,
178,241 -- CAPITAL,1 -- CAPITAL,5 -- CAPITAL,
179,241 -- CAPITAL,1 -- CAPITAL,5 -- CAPITAL,
180,241 -- CAPITAL,1 -- CAPITAL,5 -- CAPITAL,
181,241 -- CAPITAL,1 -- CAPITAL,5 -- CAPITAL,
182,241 -- CAPITAL,1 -- CAPITAL,5 -- CAPITAL,
183,241 -- CAPITAL,1 -- CAPITAL,5 -- CAPITAL,
184,241 -- CAPITAL,1 -- CAPITAL,5 -- CAPITAL,
185,241 -- CAPITAL,1 -- CAPITAL,5 -- CAPITAL,
186,241 -- CAPITAL,1 -- CAPITAL,5 -- CAPITAL,
187,241 -- CAPITAL,1 -- CAPITAL,5 -- CAPITAL,
188,241 -- CAPITAL,1 -- CAPITAL,5 -- CAPITAL,
189,241 -- CAPITAL,1 -- CAPITAL,5 -- CAPITAL,
190,241 -- CAPITAL,1 -- CAPITAL,5 -- CAPITAL,
191,241 -- CAPITAL,1 -- CAPITAL,5 -- CAPITAL,
192,241 -- CAPITAL,1 -- CAPITAL,5 -- CAPITAL,
193,241 -- CAPITAL,1 -- CAPITAL,5 -- CAPITAL,
194,241 -- CAPITAL,1 -- CAPITAL,5 -- CAPITAL,
195,241 -- CAPITAL,1 -- CAPITAL,5 -- CAPITAL,
196,241 -- CAPITAL,1 -- CAPITAL,5 -- CAPITAL,
197,241 -- CAPITAL,1 -- CAPITAL,5 -- CAPITAL,
198,241 -- CAPITAL,1 -- CAPITAL,5 -- CAPITAL,
199,241 -- CAPITAL,1 -- CAPITAL,5 -- CAPITAL,
200,241 -- CAPITAL,1 -- CAPITAL,5 -- CAPITAL,
201,241 -- CAPITAL,1 -- CAPITAL,5 -- CAPITAL,
202,241 -- CAPITAL,1 -- CAPITAL,5 -- CAPITAL,
203,241 -- CAPITAL,1 -- CAPITAL,5 -- CAPITAL,
204,241 -- CAPITAL,1 -- CAPITAL,5 -- CAPITAL,
205,241 -- CAPITAL,1 -- CAPITAL,5 -- CAPITAL,
206,241 -- CAPITAL,1 -- CAPITAL,5 -- CAPITAL,
207,241 -- CAPITAL,1 -- CAPITAL,5 -- CAPITAL,
208,241 -- CAPITAL,1 -- CAPITAL,5 -- CAPITAL,
209,241 -- CAPITAL,1 -- CAPITAL,5 -- CAPITAL,
210,241 -- CAPITAL,1 -- CAPITAL,5A -- CAPITAL,
211,241 -- CAPITAL,1 -- CAPITAL,5A -- CAPITAL,
212,241 -- CAPITAL,1 -- CAPITAL,5A -- CAPITAL,
213,241 -- CAPITAL,1 -- CAPITAL,5A -- CAPITAL,
214,241 -- CAPITAL,1 -- CAPITAL,5A -- CAPITAL,
215,241 -- CAPITAL,1 -- CAPITAL,5A -- CAPITAL,
216,241 -- CAPITAL,1 -- CAPITAL,5A -- CAPITAL,
217,241 -- CAPITAL,1 -- CAPITAL,5A -- CAPITAL,
218,241 -- CAPITAL,1 -- CAPITAL,5A -- CAPITAL,
219,241 -- CAPITAL,1 -- CAPITAL,5A -- CAPITAL,
220,241 -- CAPITAL,1 -- CAPITAL,5A -- CAPITAL,
221,241 -- CAPITAL,1 -- CAPITAL,5A -- CAPITAL,
222,241 -- CAPITAL,1 -- CAPITAL,5A -- CAPITAL,
223,241 -- CAPITAL,1 -- CAPITAL,5A -- CAPITAL,
224,241 -- CAPITAL,1 -- CAPITAL,5A -- CAPITAL,
225,241 -- CAPITAL,1 -- CAPITAL,5A -- CAPITAL,
226,241 -- CAPITAL,1 -- CAPITAL,5A -- CAPITAL,
227,241 -- CAPITAL,1 -- CAPITAL,5A -- CAPITAL,
228,241 -- CAPITAL,1 -- CAPITAL,5A -- CAPITAL,
229,241 -- CAPITAL,1 -- CAPITAL,5A -- CAPITAL,
230,241 -- CAPITAL,1 -- CAPITAL,5A -- CAPITAL,
231,241 -- CAPITAL,1 -- CAPITAL,5A -- CAPITAL,
232,241 -- CAPITAL,1 -- CAPITAL,5A -- CAPITAL,
233,241 -- CAPITAL,1 -- CAPITAL,5A -- CAPITAL,
234,241 -- CAPITAL,1 -- CAPITAL,5A -- CAPITAL,
235,241 -- CAPITAL,1 -- CAPITAL,5A -- CAPITAL,
236,241 -- CAPITAL,1 -- CAPITAL,5A -- CAPITAL,
237,241 -- CAPITAL,1 -- CAPITAL,5A -- CAPITAL,
238,241 -- CAPITAL,1 -- CAPITAL,5A -- CAPITAL,
239,241 -- CAPITAL,1 -- CAPITAL,5A -- CAPITAL,
240,241 -- CAPITAL,1 -- CAPITAL,5A -- CAPITAL,
241,241 -- CAPITAL,1 -- CAPITAL,5A -- CAPITAL,
242,241 -- CAPITAL,1 -- CAPITAL,5A -- CAPITAL,
243,241 -- CAPITAL,1 -- CAPITAL,5A -- CAPITAL,
244,241 -- CAPITAL,1 -- CAPITAL,5A -- CAPITAL,
245,241 -- CAPITAL,1 -- CAPITAL,5A -- CAPITAL,
246,241 -- CAPITAL,1 -- CAPITAL,5A -- CAPITAL,
247,241 -- CAPITAL,1 -- CAPITAL,5A -- CAPITAL,
248,241 -- CAPITAL,1 -- CAPITAL,5A -- CAPITAL,
249,241 -- CAPITAL,1 -- CAPITAL,5A -- CAPITAL,
250,241 -- CAPITAL,1 -- CAPITAL,5A -- CAPITAL,
251,241 -- CAPITAL,1 -- CAPITAL,5A -- CAPITAL,
252,241 -- CAPITAL,1 -- CAPITAL,5A -- CAPITAL,
253,241 -- CAPITAL,1 -- CAPITAL,5A -- CAPITAL,
254,241 -- CAPITAL,1 -- CAPITAL,5A -- CAPITAL,
255,241 -- CAPITAL,1 -- CAPITAL,5A -- CAPITAL,
256,241 -- CAPITAL,1 -- CAPITAL,5A -- CAPITAL,
257,241 -- CAPITAL,1 -- CAPITAL,5A -- CAPITAL,
258,241 -- CAPITAL,1 -- CAPITAL,5A -- CAPITAL,
259,241 -- CAPITAL,1 -- CAPITAL,5A -- CAPITAL,
260,241 -- CAPITAL,1 -- CAPITAL,5A -- CAPITAL,
261,241 -- CAPITAL,1 -- CAPITAL,5A -- CAPITAL,
262,241 -- CAPITAL,1 -- CAPITAL,5A -- CAPITAL,
263,241 -- CAPITAL,1 -- CAPITAL,5A -- CAPITAL,
264,241 -- CAPITAL,1 -- CAPITAL,5A -- CAPITAL,
265,241 -- CAPITAL,1 -- CAPITAL,5A -- CAPITAL,
266,241 -- CAPITAL,1 -- CAPITAL,5A -- CAPITAL,
267,241 -- CAPITAL,1 -- CAPITAL,5A -- CAPITAL,
268,241 -- CAPITAL,1 -- CAPITAL,5A -- CAPITAL,
269,241 -- CAPITAL,1 -- CAPITAL,5A -- CAPITAL,
270,241 -- CAPITAL,1 -- CAPITAL,5A -- CAPITAL,
271,241 -- CAPITAL,1 -- CAPITAL,5A -- CAPITAL,
272,241 -- CAPITAL,1 -- CAPITAL,5A -- CAPITAL,
273,241 -- CAPITAL,1 -- CAPITAL,5A -- CAPITAL,
274,241 -- CAPITAL,1 -- CAPITAL,5A -- CAPITAL,
275,241 -- CAPITAL,1 -- CAPITAL,5A -- CAPITAL,
276,241 -- CAPITAL,1 -- CAPITAL,5A -- CAPITAL,
277,241 -- CAPITAL,1 -- CAPITAL,5A -- CAPITAL,
278,241 -- CAPITAL,1 -- CAPITAL,5A -- CAPITAL,
279,241 -- CAPITAL,1 -- CAPITAL,5A -- CAPITAL,
280,241 -- CAPITAL,1 -- CAPITAL,5A -- CAPITAL,
281,241 -- CAPITAL,1 -- CAPITAL,5A -- CAPITAL,
282,241 -- CAPITAL,1 -- CAPITAL,5A -- CAPITAL,
283,241 -- CAPITAL,1 -- CAPITAL,5A -- CAPITAL,
284,241 -- CAPITAL,1 -- CAPITAL,5A -- CAPITAL,
285,241 -- CAPITAL,1 -- CAPITAL,5A -- CAPITAL,
286,241 -- CAPITAL,1 -- CAPITAL,5A -- CAPITAL,
287,241 -- CAPITAL,1 -- CAPITAL,5A -- CAPITAL,
288,241 -- CAPITAL,1 -- CAPITAL,5A -- CAPITAL,
289,241 -- CAPITAL,1 -- CAPITAL,5A -- CAPITAL,
290,241 -- CAPITAL,1 -- CAPITAL,5A -- CAPITAL,
291,241 -- CAPITAL,1 -- CAPITAL,5A -- CAPITAL,
292,241 -- CAPITAL,1 -- CAPITAL,5A -- CAPITAL,
293,241 -- CAPITAL,1 -- CAPITAL,5A -- CAPITAL,
294,241 -- CAPITAL,1 -- CAPITAL,5A -- CAPITAL,
295,241 -- CAPITAL,1 -- CAPITAL,5A -- CAPITAL,
296,241 -- CAPITAL,1 -- CAPITAL,5A -- CAPITAL,
297,241 -- CAPITAL,1 -- CAPITAL,5A -- CAPITAL,
298,241 -- CAPITAL,1 -- CAPITAL,5A -- CAPITAL,
299,241 -- CAPITAL,1 -- CAPITAL,5A -- CAPITAL,
300,241 -- CAPITAL,1 -- CAPITAL,5A -- CAPITAL,
301,241 -- CAPITAL,1 -- CAPITAL,5A -- CAPITAL,
302,241 -- CAPITAL,1 -- CAPITAL,5A -- CAPITAL,
303,241 -- CAPITAL,1 -- CAPITAL,5A -- CAPITAL,
304,241 -- CAPITAL,1 -- CAPITAL,5A -- CAPITAL,
305,241 -- CAPITAL,1 -- CAPITAL,5A -- CAPITAL,
306,241 -- CAPITAL,1 -- CAPITAL,5A -- CAPITAL,
307,241 -- CAPITAL,1 -- CAPITAL,5A -- CAPITAL,
308,241 -- CAPITAL,1 -- CAPITAL,5A -- CAPITAL,
309,241 -- CAPITAL,1 -- CAPITAL,5A -- CAPITAL,
310,241 -- CAPITAL,1 -- CAPITAL,5A -- CAPITAL,
311,241 -- CAPITAL,1 -- CAPITAL,5A -- CAPITAL,
312,241 -- CAPITAL,1 -- CAPITAL,5A -- CAPITAL,
313,241 -- CAPITAL,1 -- CAPITAL,5A -- CAPITAL,
314,241 -- CAPITAL,1 -- CAPITAL,5A -- CAPITAL,
315,241 -- CAPITAL,1 -- CAPITAL,5A -- CAPITAL,
316,241 -- CAPITAL,1 -- CAPITAL,5A -- CAPITAL,
317,241 -- CAPITAL,1 -- CAPITAL,5A -- CAPITAL,
318,241 -- CAPITAL,1 -- CAPITAL,5A -- CAPITAL,
319,241 -- CAPITAL,1 -- CAPITAL,5A -- CAPITAL,
320,241 -- CAPITAL,1 -- CAPITAL,5A -- CAPITAL,
321,241 -- CAPITAL,1 -- CAPITAL,5A -- CAPITAL,
322,241 -- CAPITAL,1 -- CAPITAL,5A -- CAPITAL,
323,241 -- CAPITAL,1 -- CAPITAL,5A -- CAPITAL,
324,241 -- CAPITAL,1 -- CAPITAL,5A -- CAPITAL,
325,241 -- CAPITAL,1 -- CAPITAL,5A -- CAPITAL,
326,241 -- CAPITAL,1 -- CAPITAL,5A -- CAPITAL,
327,241 -- CAPITAL,1 -- CAPITAL,5A -- CAPITAL,
328,241 -- CAPITAL,1 -- CAPITAL,5A -- CAPITAL,
329,241 -- CAPITAL,1 -- CAPITAL,5A -- CAPITAL,
330,241 -- CAPITAL,1 -- CAPITAL,5A -- CAPITAL,
331,241 -- CAPITAL,1 -- CAPITAL,5A -- CAPITAL,
332,241 -- CAPITAL,1 -- CAPITAL,5A -- CAPITAL,
333,241 -- CAPITAL,1 -- CAPITAL,5A -- CAPITAL,
334,241 -- CAPITAL,1 -- CAPITAL,5A -- CAPITAL,
335,241 -- CAPITAL,1 -- CAPITAL,5A -- CAPITAL,
336,241 -- CAPITAL,1 -- CAPITAL,5A -- CAPITAL,
337,241 -- CAPITAL,1 -- CAPITAL,5A -- CAPITAL,
338,241 -- CAPITAL,1 -- CAPITAL,5B -- CAPITAL,
339,241 -- CAPITAL,1 -- CAPITAL,5B -- CAPITAL,
340,241 -- CAPITAL,1 -- CAPITAL,5B -- CAPITAL,
341,241 -- CAPITAL,1 -- CAPITAL,5B -- CAPITAL,
342,241 -- CAPITAL,1 -- CAPITAL,5B -- CAPITAL,
343,241 -- CAPITAL,1 -- CAPITAL,5B -- CAPITAL,
344,241 -- CAPITAL,1 -- CAPITAL,5B -- CAPITAL,
345,241 -- CAPITAL,1 -- CAPITAL,5B -- CAPITAL,
346,241 -- CAPITAL,1 -- CAPITAL,5B -- CAPITAL,
347,241 -- CAPITAL,1 -- CAPITAL,5B -- CAPITAL,
348,241 -- CAPITAL,1 -- CAPITAL,5B -- CAPITAL,
349,241 -- CAPITAL,1 -- CAPITAL,5B -- CAPITAL,
350,241 -- CAPITAL,1 -- CAPITAL,5B -- CAPITAL,
351,241 -- CAPITAL,1 -- CAPITAL,5B -- CAPITAL,
352,241 -- CAPITAL,1 -- CAPITAL,5B -- CAPITAL,
353,241 -- CAPITAL,1 -- CAPITAL,5B -- CAPITAL,
354,241 -- CAPITAL,1 -- CAPITAL,5B -- CAPITAL,
355,241 -- CAPITAL,1 -- CAPITAL,5B -- CAPITAL,
356,241 -- CAPITAL,1 -- CAPITAL,5B -- CAPITAL,
357,241 -- CAPITAL,1 -- CAPITAL,5B -- CAPITAL,
358 (BUE),241 -- CAPITAL,1 -- CAPITAL,5B -- CAPITAL,
359 (BUE),241 -- CAPITAL,1 -- CAPITAL,5B -- CAPITAL,
360 (BUE),241 -- CAPITAL,1 -- CAPITAL,5B -- CAPITAL,
361 (BUE),241 -- CAPITAL,1 -- CAPITAL,5B -- CAPITAL,
362 (BUE),241 -- CAPITAL,1 -- CAPITAL,5B -- CAPITAL,
363 (BUE),241 -- CAPITAL,1 -- CAPITAL,5B -- CAPITAL,
364 (BUE),241 -- CAPITAL,1 -- CAPITAL,5B -- CAPITAL,
365 (BUE),241 -- CAPITAL,1 -- CAPITAL,5B -- CAPITAL,
366 (BUE),241 -- CAPITAL,1 -- CAPITAL,5B -- CAPITAL,
367 (BUE),241 -- CAPITAL,1 -- CAPITAL,5B -- CAPITAL,
368 (BUE),241 -- CAPITAL,1 -- CAPITAL,5B -- CAPITAL,
369 (BUE),241 -- CAPITAL,1 -- CAPITAL,5B -- CAPITAL,
370 (BUE),241 -- CAPITAL,1 -- CAPITAL,5B -- CAPITAL,
371 (BUE),241 -- CAPITAL,1 -- CAPITAL,5B -- CAPITAL,
372 (BUE),241 -- CAPITAL,1 -- CAPITAL,5B -- CAPITAL,
373 (BUE),241 -- CAPITAL,1 -- CAPITAL,5B -- CAPITAL,
374 (BUE),241 -- CAPITAL,1 -- CAPITAL,5B -- CAPITAL,
375 (BUE),241 -- CAPITAL,1 -- CAPITAL,5B -- CAPITAL,
376 (BUE),241 -- CAPITAL,1 -- CAPITAL,5B -- CAPITAL,
377 (BUE),241 -- CAPITAL,1 -- CAPITAL,5B -- CAPITAL,
378,241 -- CAPITAL,1 -- CAPITAL,5B -- CAPITAL,
379,241 -- CAPITAL,1 -- CAPITAL,5B -- CAPITAL,
380,241 -- CAPITAL,1 -- CAPITAL,5B -- CAPITAL,
381,241 -- CAPITAL,1 -- CAPITAL,5B -- CAPITAL,
382,241 -- CAPITAL,1 -- CAPITAL,5B -- CAPITAL,
383,241 -- CAPITAL,1 -- CAPITAL,5B -- CAPITAL,
384,241 -- CAPITAL,1 -- CAPITAL,5B -- CAPITAL,
385,241 -- CAPITAL,1 -- CAPITAL,5B -- CAPITAL,
386,241 -- CAPITAL,1 -- CAPITAL,5B -- CAPITAL,
387,241 -- CAPITAL,1 -- CAPITAL,5B -- CAPITAL,
388,241 -- CAPITAL,1 -- CAPITAL,5B -- CAPITAL,
389,241 -- CAPITAL,1 -- CAPITAL,5B -- CAPITAL,
390,241 -- CAPITAL,1 -- CAPITAL,5B -- CAPITAL,
391,241 -- CAPITAL,1 -- CAPITAL,5B -- CAPITAL,
392,241 -- CAPITAL,1 -- CAPITAL,5B -- CAPITAL,
393,241 -- CAPITAL,1 -- CAPITAL,5B -- CAPITAL,
394,241 -- CAPITAL,1 -- CAPITAL,5B -- CAPITAL,
395,241 -- CAPITAL,1 -- CAPITAL,5B -- CAPITAL,
396,241 -- CAPITAL,1 -- CAPITAL,5B -- CAPITAL,
397,241 -- CAPITAL,1 -- CAPITAL,5B -- CAPITAL,
398,241 -- CAPITAL,1 -- CAPITAL,5B -- CAPITAL,
399,241 -- CAPITAL,1 -- CAPITAL,5B -- CAPITAL,
400,241 -- CAPITAL,1 -- CAPITAL,5B -- CAPITAL,
401,241 -- CAPITAL,1 -- CAPITAL,5B -- CAPITAL,
402,241 -- CAPITAL,1 -- CAPITAL,5B -- CAPITAL,
403,241 -- CAPITAL,1 -- CAPITAL,5B -- CAPITAL,
404,241 -- CAPITAL,1 -- CAPITAL,5B -- CAPITAL,
405,241 -- CAPITAL,1 -- CAPITAL,5B -- CAPITAL,
406,241 -- CAPITAL,1 -- CAPITAL,5B -- CAPITAL,
407,241 -- CAPITAL,1 -- CAPITAL,5B -- CAPITAL,
408,241 -- CAPITAL,1 -- CAPITAL,5B -- CAPITAL,
409,241 -- CAPITAL,1 -- CAPITAL,5B -- CAPITAL,
410,241 -- CAPITAL,1 -- CAPITAL,5B -- CAPITAL,
411,241 -- CAPITAL,1 -- CAPITAL,5B -- CAPITAL,
412,241 -- CAPITAL,1 -- CAPITAL,5B -- CAPITAL,
413,241 -- CAPITAL,1 -- CAPITAL,5B -- CAPITAL,
414,241 -- CAPITAL,1 -- CAPITAL,5B -- CAPITAL,
415,241 -- CAPITAL,1 -- CAPITAL,5B -- CAPITAL,
416,241 -- CAPITAL,1 -- CAPITAL,5B -- CAPITAL,
417,241 -- CAPITAL,1 -- CAPITAL,5B -- CAPITAL,
418,241 -- CAPITAL,1 -- CAPITAL,5B -- CAPITAL,
419,241 -- CAPITAL,1 -- CAPITAL,5B -- CAPITAL,
420,241 -- CAPITAL,1 -- CAPITAL,5B -- CAPITAL,
421,241 -- CAPITAL,1 -- CAPITAL,5B -- CAPITAL,
422,241 -- CAPITAL,1 -- CAPITAL,5B -- CAPITAL,
423,241 -- CAPITAL,1 -- CAPITAL,5B -- CAPITAL,
424,241 -- CAPITAL,1 -- CAPITAL,5B -- CAPITAL,
425,241 -- CAPITAL,1 -- CAPITAL,5B -- CAPITAL,
426,241 -- CAPITAL,1 -- CAPITAL,5B -- CAPITAL,
427,241 -- CAPITAL,1 -- CAPITAL,5B -- CAPITAL,
428,241 -- CAPITAL,1 -- CAPITAL,5B -- CAPITAL,
429,241 -- CAPITAL,1 -- CAPITAL,5B -- CAPITAL,
430,241 -- CAPITAL,1 -- CAPITAL,5B -- CAPITAL,
431,241 -- CAPITAL,1 -- CAPITAL,5C -- CAPITAL,
432,241 -- CAPITAL,1 -- CAPITAL,5C -- CAPITAL,
433,241 -- CAPITAL,1 -- CAPITAL,5C -- CAPITAL,
434,241 -- CAPITAL,1 -- CAPITAL,5C -- CAPITAL,
435,241 -- CAPITAL,1 -- CAPITAL,5C -- CAPITAL,
436,241 -- CAPITAL,1 -- CAPITAL,5C -- CAPITAL,
437,241 -- CAPITAL,1 -- CAPITAL,5C -- CAPITAL,
438,241 -- CAPITAL,1 -- CAPITAL,5C -- CAPITAL,
439,241 -- CAPITAL,1 -- CAPITAL,5C -- CAPITAL,
440,241 -- CAPITAL,1 -- CAPITAL,5C -- CAPITAL,
441,241 -- CAPITAL,1 -- CAPITAL,5C -- CAPITAL,
442,241 -- CAPITAL,1 -- CAPITAL,5C -- CAPITAL,
443,241 -- CAPITAL,1 -- CAPITAL,5C -- CAPITAL,
444,241 -- CAPITAL,1 -- CAPITAL,5C -- CAPITAL,
445,241 -- CAPITAL,1 -- CAPITAL,5C -- CAPITAL,
446,241 -- CAPITAL,1 -- CAPITAL,5C -- CAPITAL,
447,241 -- CAPITAL,1 -- CAPITAL,5C -- CAPITAL,
448,241 -- CAPITAL,1 -- CAPITAL,5C -- CAPITAL,
449,241 -- CAPITAL,1 -- CAPITAL,5C -- CAPITAL,
450,241 -- CAPITAL,1 -- CAPITAL,5C -- CAPITAL,
451,241 -- CAPITAL,1 -- CAPITAL,5C -- CAPITAL,
452,241 -- CAPITAL,1 -- CAPITAL,5C -- CAPITAL,
453,241 -- CAPITAL,1 -- CAPITAL,5C -- CAPITAL,
454,241 -- CAPITAL,1 -- CAPITAL,5C -- CAPITAL,
455,241 -- CAPITAL,1 -- CAPITAL,5C -- CAPITAL,
456,241 -- CAPITAL,1 -- CAPITAL,5C -- CAPITAL,
457,241 -- CAPITAL,1 -- CAPITAL,5C -- CAPITAL,
458,241 -- CAPITAL,1 -- CAPITAL,5C -- CAPITAL,
459,241 -- CAPITAL,1 -- CAPITAL,5C -- CAPITAL,
460,241 -- CAPITAL,1 -- CAPITAL,5C -- CAPITAL,
461,241 -- CAPITAL,1 -- CAPITAL,5C -- CAPITAL,
462,241 -- CAPITAL,1 -- CAPITAL,5C -- CAPITAL,
463,241 -- CAPITAL,1 -- CAPITAL,5C -- CAPITAL,
464,241 -- CAPITAL,1 -- CAPITAL,5C -- CAPITAL,
465,241 -- CAPITAL,1 -- CAPITAL,5C -- CAPITAL,
466,241 -- CAPITAL,1 -- CAPITAL,5C -- CAPITAL,
467,241 -- CAPITAL,1 -- CAPITAL,5C -- CAPITAL,
468,241 -- CAPITAL,1 -- CAPITAL,5C -- CAPITAL,
469,241 -- CAPITAL,1 -- CAPITAL,5C -- CAPITAL,
470,241 -- CAPITAL,1 -- CAPITAL,5C -- CAPITAL,
471,241 -- CAPITAL,1 -- CAPITAL,5C -- CAPITAL,
472,241 -- CAPITAL,1 -- CAPITAL,5C -- CAPITAL,
473,241 -- CAPITAL,1 -- CAPITAL,5C -- CAPITAL,
474,241 -- CAPITAL,1 -- CAPITAL,5C -- CAPITAL,
475,241 -- CAPITAL,1 -- CAPITAL,5C -- CAPITAL,
476,241 -- CAPITAL,1 -- CAPITAL,5C -- CAPITAL,
477,241 -- CAPITAL,1 -- CAPITAL,5C -- CAPITAL,
478,241 -- CAPITAL,1 -- CAPITAL,5C -- CAPITAL,
479,241 -- CAPITAL,1 -- CAPITAL,5C -- CAPITAL,
480,241 -- CAPITAL,1 -- CAPITAL,5C -- CAPITAL,
481,241 -- CAPITAL,1 -- CAPITAL,5C -- CAPITAL,
482,241 -- CAPITAL,1 -- CAPITAL,5C -- CAPITAL,
483,241 -- CAPITAL,1 -- CAPITAL,5C -- CAPITAL,
484,241 -- CAPITAL,1 -- CAPITAL,5C -- CAPITAL,
485,241 -- CAPITAL,1 -- CAPITAL,5C -- CAPITAL,
486,241 -- CAPITAL,1 -- CAPITAL,5C -- CAPITAL,
487,241 -- CAPITAL,1 -- CAPITAL,5C -- CAPITAL,
488,241 -- CAPITAL,1 -- CAPITAL,5C -- CAPITAL,
489,241 -- CAPITAL,1 -- CAPITAL,5C -- CAPITAL,
490,241 -- CAPITAL,1 -- CAPITAL,5C -- CAPITAL,
491,241 -- CAPITAL,1 -- CAPITAL,5C -- CAPITAL,
492,241 -- CAPITAL,1 -- CAPITAL,6 -- CAPITAL,
493,241 -- CAPITAL,1 -- CAPITAL,6 -- CAPITAL,
494,241 -- CAPITAL,1 -- CAPITAL,6 -- CAPITAL,
495,241 -- CAPITAL,1 -- CAPITAL,6 -- CAPITAL,
496,241 -- CAPITAL,1 -- CAPITAL,6 -- CAPITAL,
497,241 -- CAPITAL,1 -- CAPITAL,6 -- CAPITAL,
498,241 -- CAPITAL,1 -- CAPITAL,6 -- CAPITAL,
499,241 -- CAPITAL,1 -- CAPITAL,6 -- CAPITAL,
500,241 -- CAPITAL,1 -- CAPITAL,6 -- CAPITAL,
501,241 -- CAPITAL,1 -- CAPITAL,6 -- CAPITAL,
502,241 -- CAPITAL,1 -- CAPITAL,6 -- CAPITAL,
503,241 -- CAPITAL,1 -- CAPITAL,6 -- CAPITAL,
504,241 -- CAPITAL,1 -- CAPITAL,6 -- CAPITAL,
505,241 -- CAPITAL,1 -- CAPITAL,6 -- CAPITAL,
506,241 -- CAPITAL,1 -- CAPITAL,6 -- CAPITAL,
507,241 -- CAPITAL,1 -- CAPITAL,6 -- CAPITAL,
508,241 -- CAPITAL,1 -- CAPITAL,6 -- CAPITAL,
509,241 -- CAPITAL,1 -- CAPITAL,6 -- CAPITAL,
510,241 -- CAPITAL,1 -- CAPITAL,6 -- CAPITAL,
511,241 -- CAPITAL,1 -- CAPITAL,6 -- CAPITAL,
512,241 -- CAPITAL,1 -- CAPITAL,6 -- CAPITAL,
513,241 -- CAPITAL,1 -- CAPITAL,6 -- CAPITAL,
514,241 -- CAPITAL,1 -- CAPITAL,6 -- CAPITAL,
515,241 -- CAPITAL,1 -- CAPITAL,6 -- CAPITAL,
516,241 -- CAPITAL,1 -- CAPITAL,6 -- CAPITAL,
517,241 -- CAPITAL,1 -- CAPITAL,6 -- CAPITAL,
518,241 -- CAPITAL,1 -- CAPITAL,6 -- CAPITAL,
519,241 -- CAPITAL,1 -- CAPITAL,6 -- CAPITAL,
520,241 -- CAPITAL,1 -- CAPITAL,6 -- CAPITAL,
521,241 -- CAPITAL,1 -- CAPITAL,6 -- CAPITAL,
522,241 -- CAPITAL,1 -- CAPITAL,6 -- CAPITAL,
523,241 -- CAPITAL,1 -- CAPITAL,7 -- CAPITAL,
524,241 -- CAPITAL,1 -- CAPITAL,7 -- CAPITAL,
525,241 -- CAPITAL,1 -- CAPITAL,7 -- CAPITAL,
526,241 -- CAPITAL,1 -- CAPITAL,7 -- CAPITAL,
527,241 -- CAPITAL,1 -- CAPITAL,7 -- CAPITAL,
528,241 -- CAPITAL,1 -- CAPITAL,7 -- CAPITAL,
529,241 -- CAPITAL,1 -- CAPITAL,7 -- CAPITAL,
530,241 -- CAPITAL,1 -- CAPITAL,7 -- CAPITAL,
531,241 -- CAPITAL,1 -- CAPITAL,7 -- CAPITAL,
532,241 -- CAPITAL,1 -- CAPITAL,7 -- CAPITAL,
533,241 -- CAPITAL,1 -- CAPITAL,7 -- CAPITAL,
534,241 -- CAPITAL,1 -- CAPITAL,7 -- CAPITAL,
535,241 -- CAPITAL,1 -- CAPITAL,7 -- CAPITAL,
536,241 -- CAPITAL,1 -- CAPITAL,7 -- CAPITAL,
537,241 -- CAPITAL,1 -- CAPITAL,7 -- CAPITAL,
538,241 -- CAPITAL,1 -- CAPITAL,7 -- CAPITAL,
539,241 -- CAPITAL,1 -- CAPITAL,7 -- CAPITAL,
540,241 -- CAPITAL,1 -- CAPITAL,7 -- CAPITAL,
541,241 -- CAPITAL,1 -- CAPITAL,7 -- CAPITAL,
542,241 -- CAPITAL,1 -- CAPITAL,7 -- CAPITAL,
543,241 -- CAPITAL,1 -- CAPITAL,7 -- CAPITAL,
544,241 -- CAPITAL,1 -- CAPITAL,7 -- CAPITAL,
545,241 -- CAPITAL,1 -- CAPITAL,7 -- CAPITAL,
546,241 -- CAPITAL,1 -- CAPITAL,7 -- CAPITAL,
547,241 -- CAPITAL,1 -- CAPITAL,7 -- CAPITAL,
548,241 -- CAPITAL,1 -- CAPITAL,7 -- CAPITAL,
549,241 -- CAPITAL,1 -- CAPITAL,7 -- CAPITAL,
550,241 -- CAPITAL,1 -- CAPITAL,7 -- CAPITAL,
551,241 -- CAPITAL,1 -- CAPITAL,7 -- CAPITAL,
552,241 -- CAPITAL,1 -- CAPITAL,7 -- CAPITAL,
553,241 -- CAPITAL,1 -- CAPITAL,7 -- CAPITAL,
554,241 -- CAPITAL,1 -- CAPITAL,7 -- CAPITAL,
555,241 -- CAPITAL,1 -- CAPITAL,7 -- CAPITAL,
556,241 -- CAPITAL,1 -- CAPITAL,7 -- CAPITAL,
557,241 -- CAPITAL,1 -- CAPITAL,7 -- CAPITAL,
558,241 -- CAPITAL,1 -- CAPITAL,7 -- CAPITAL,
559,241 -- CAPITAL,1 -- CAPITAL,7 -- CAPITAL,
560,241 -- CAPITAL,1 -- CAPITAL,7 -- CAPITAL,
561,241 -- CAPITAL,1 -- CAPITAL,7 -- CAPITAL,
562,241 -- CAPITAL,1 -- CAPITAL,7 -- CAPITAL,
563,241 -- CAPITAL,1 -- CAPITAL,7 -- CAPITAL,
564,241 -- CAPITAL,1 -- CAPITAL,7 -- CAPITAL,
565,241 -- CAPITAL,1 -- CAPITAL,7 -- CAPITAL,
566,241 -- CAPITAL,1 -- CAPITAL,7 -- CAPITAL,
567,241 -- CAPITAL,1 -- CAPITAL,7 -- CAPITAL,
568,241 -- CAPITAL,1 -- CAPITAL,7 -- CAPITAL,
569,241 -- CAPITAL,1 -- CAPITAL,7 -- CAPITAL,
570,241 -- CAPITAL,1 -- CAPITAL,7A -- CAPITAL,
571,241 -- CAPITAL,1 -- CAPITAL,7A -- CAPITAL,
572,241 -- CAPITAL,1 -- CAPITAL,7A -- CAPITAL,
573,241 -- CAPITAL,1 -- CAPITAL,7A -- CAPITAL,
574,241 -- CAPITAL,1 -- CAPITAL,7A -- CAPITAL,
575,241 -- CAPITAL,1 -- CAPITAL,7A -- CAPITAL,
576,241 -- CAPITAL,1 -- CAPITAL,7A -- CAPITAL,
577,241 -- CAPITAL,1 -- CAPITAL,7A -- CAPITAL,
578,241 -- CAPITAL,1 -- CAPITAL,7A -- CAPITAL,
579,241 -- CAPITAL,1 -- CAPITAL,7A -- CAPITAL,
580,241 -- CAPITAL,1 -- CAPITAL,7A -- CAPITAL,
581,241 -- CAPITAL,1 -- CAPITAL,7A -- CAPITAL,
582,241 -- CAPITAL,1 -- CAPITAL,7A -- CAPITAL,
583,241 -- CAPITAL,1 -- CAPITAL,7A -- CAPITAL,
584,241 -- CAPITAL,1 -- CAPITAL,7A -- CAPITAL,
585,241 -- CAPITAL,1 -- CAPITAL,7A -- CAPITAL,
586,241 -- CAPITAL,1 -- CAPITAL,7A -- CAPITAL,
587,241 -- CAPITAL,1 -- CAPITAL,7A -- CAPITAL,
588,241 -- CAPITAL,1 -- CAPITAL,7A -- CAPITAL,
589,241 -- CAPITAL,1 -- CAPITAL,7A -- CAPITAL,
590,241 -- CAPITAL,1 -- CAPITAL,7A -- CAPITAL,
591,241 -- CAPITAL,1 -- CAPITAL,7A -- CAPITAL,
592,241 -- CAPITAL,1 -- CAPITAL,7A -- CAPITAL,
593,241 -- CAPITAL,1 -- CAPITAL,7A -- CAPITAL,
594,241 -- CAPITAL,1 -- CAPITAL,7A -- CAPITAL,
595,241 -- CAPITAL,1 -- CAPITAL,7A -- CAPITAL,
596,241 -- CAPITAL,1 -- CAPITAL,7A -- CAPITAL,
597,241 -- CAPITAL,1 -- CAPITAL,7A -- CAPITAL,
598,241 -- CAPITAL,1 -- CAPITAL,7A -- CAPITAL,
599,241 -- CAPITAL,1 -- CAPITAL,7A -- CAPITAL,
600,241 -- CAPITAL,1 -- CAPITAL,7A -- CAPITAL,
601,241 -- CAPITAL,1 -- CAPITAL,7A -- CAPITAL,
602,241 -- CAPITAL,1 -- CAPITAL,7A -- CAPITAL,
603,241 -- CAPITAL,1 -- CAPITAL,7B -- CAPITAL,
604,241 -- CAPITAL,1 -- CAPITAL,7B -- CAPITAL,
605,241 -- CAPITAL,1 -- CAPITAL,7B -- CAPITAL,
606,241 -- CAPITAL,1 -- CAPITAL,7B -- CAPITAL,
607,241 -- CAPITAL,1 -- CAPITAL,7B -- CAPITAL,
608,241 -- CAPITAL,1 -- CAPITAL,7B -- CAPITAL,
609,241 -- CAPITAL,1 -- CAPITAL,7B -- CAPITAL,
610,241 -- CAPITAL,1 -- CAPITAL,7B -- CAPITAL,
611,241 -- CAPITAL,1 -- CAPITAL,7B -- CAPITAL,
612,241 -- CAPITAL,1 -- CAPITAL,7B -- CAPITAL,
613,241 -- CAPITAL,1 -- CAPITAL,7B -- CAPITAL,
614,241 -- CAPITAL,1 -- CAPITAL,7B -- CAPITAL,
615,241 -- CAPITAL,1 -- CAPITAL,7B -- CAPITAL,
616,241 -- CAPITAL,1 -- CAPITAL,7B -- CAPITAL,
617,241 -- CAPITAL,1 -- CAPITAL,7B -- CAPITAL,
618,241 -- CAPITAL,1 -- CAPITAL,7B -- CAPITAL,
619,241 -- CAPITAL,1 -- CAPITAL,7B -- CAPITAL,
620,241 -- CAPITAL,1 -- CAPITAL,7B -- CAPITAL,
621,241 -- CAPITAL,1 -- CAPITAL,7B -- CAPITAL,
622,241 -- CAPITAL,1 -- CAPITAL,7B -- CAPITAL,
623,241 -- CAPITAL,1 -- CAPITAL,7B -- CAPITAL,
624,241 -- CAPITAL,1 -- CAPITAL,7B -- CAPITAL,
625,241 -- CAPITAL,1 -- CAPITAL,7B -- CAPITAL,
626,241 -- CAPITAL,1 -- CAPITAL,7B -- CAPITAL,
627,241 -- CAPITAL,1 -- CAPITAL,7B -- CAPITAL,
628,241 -- CAPITAL,1 -- CAPITAL,7B -- CAPITAL,
629,241 -- CAPITAL,1 -- CAPITAL,7B -- CAPITAL,
630,241 -- CAPITAL,1 -- CAPITAL,7B -- CAPITAL,
631,241 -- CAPITAL,1 -- CAPITAL,7B -- CAPITAL,
632,241 -- CAPITAL,1 -- CAPITAL,7B -- CAPITAL,
633,241 -- CAPITAL,1 -- CAPITAL,7B -- CAPITAL,
634,241 -- CAPITAL,1 -- CAPITAL,7B -- CAPITAL,
635,241 -- CAPITAL,1 -- CAPITAL,7B -- CAPITAL,
636,241 -- CAPITAL,1 -- CAPITAL,7B -- CAPITAL,
637,241 -- CAPITAL,1 -- CAPITAL,7B -- CAPITAL,
638,241 -- CAPITAL,1 -- CAPITAL,7B -- CAPITAL,
639,241 -- CAPITAL,1 -- CAPITAL,7B -- CAPITAL,
640,241 -- CAPITAL,1 -- CAPITAL,7B -- CAPITAL,
641,241 -- CAPITAL,1 -- CAPITAL,7B -- CAPITAL,
642,241 -- CAPITAL,1 -- CAPITAL,7B -- CAPITAL,
643,241 -- CAPITAL,1 -- CAPITAL,7B -- CAPITAL,
644,241 -- CAPITAL,1 -- CAPITAL,7B -- CAPITAL,
645,241 -- CAPITAL,1 -- CAPITAL,7B -- CAPITAL,
646,241 -- CAPITAL,1 -- CAPITAL,7B -- CAPITAL,
647,241 -- CAPITAL,1 -- CAPITAL,7B -- CAPITAL,
648,241 -- CAPITAL,1 -- CAPITAL,7B -- CAPITAL,
649,241 -- CAPITAL,1 -- CAPITAL,7B -- CAPITAL,
650,241 -- CAPITAL,1 -- CAPITAL,7B -- CAPITAL,
651,241 -- CAPITAL,1 -- CAPITAL,7B -- CAPITAL,
652,241 -- CAPITAL,1 -- CAPITAL,7B -- CAPITAL,
653,241 -- CAPITAL,1 -- CAPITAL,7B -- CAPITAL,
654,241 -- CAPITAL,1 -- CAPITAL,7B -- CAPITAL,
655,241 -- CAPITAL,1 -- CAPITAL,8 -- CAPITAL,
656,241 -- CAPITAL,1 -- CAPITAL,8 -- CAPITAL,
657,241 -- CAPITAL,1 -- CAPITAL,8 -- CAPITAL,
658,241 -- CAPITAL,1 -- CAPITAL,8 -- CAPITAL,
659,241 -- CAPITAL,1 -- CAPITAL,8 -- CAPITAL,
660,241 -- CAPITAL,1 -- CAPITAL,8 -- CAPITAL,
661,241 -- CAPITAL,1 -- CAPITAL,8 -- CAPITAL,
662,241 -- CAPITAL,1 -- CAPITAL,8 -- CAPITAL,
663,241 -- CAPITAL,1 -- CAPITAL,8 -- CAPITAL,
664,241 -- CAPITAL,1 -- CAPITAL,8 -- CAPITAL,
665,241 -- CAPITAL,1 -- CAPITAL,8 -- CAPITAL,
666,241 -- CAPITAL,1 -- CAPITAL,8 -- CAPITAL,
667,241 -- CAPITAL,1 -- CAPITAL,8 -- CAPITAL,
668,241 -- CAPITAL,1 -- CAPITAL,8 -- CAPITAL,
669,241 -- CAPITAL,1 -- CAPITAL,8 -- CAPITAL,
670,241 -- CAPITAL,1 -- CAPITAL,8 -- CAPITAL,
671,241 -- CAPITAL,1 -- CAPITAL,8 -- CAPITAL,
672,241 -- CAPITAL,1 -- CAPITAL,8 -- CAPITAL,
673,241 -- CAPITAL,1 -- CAPITAL,8 -- CAPITAL,
674,241 -- CAPITAL,1 -- CAPITAL,8 -- CAPITAL,
675,241 -- CAPITAL,1 -- CAPITAL,8 -- CAPITAL,
676,241 -- CAPITAL,1 -- CAPITAL,8 -- CAPITAL,
677,241 -- CAPITAL,1 -- CAPITAL,8 -- CAPITAL,
678,241 -- CAPITAL,1 -- CAPITAL,8 -- CAPITAL,
679,241 -- CAPITAL,1 -- CAPITAL,8 -- CAPITAL,
680,241 -- CAPITAL,1 -- CAPITAL,8 -- CAPITAL,
681,241 -- CAPITAL,1 -- CAPITAL,8 -- CAPITAL,
682,241 -- CAPITAL,1 -- CAPITAL,8 -- CAPITAL,
683,241 -- CAPITAL,1 -- CAPITAL,8 -- CAPITAL,
684,241 -- CAPITAL,1 -- CAPITAL,8 -- CAPITAL,
685,241 -- CAPITAL,1 -- CAPITAL,8 -- CAPITAL,
686,241 -- CAPITAL,1 -- CAPITAL,8 -- CAPITAL,
687,241 -- CAPITAL,1 -- CAPITAL,8 -- CAPITAL,
688,241 -- CAPITAL,1 -- CAPITAL,8 -- CAPITAL,
689,241 -- CAPITAL,1 -- CAPITAL,8 -- CAPITAL,
690,241 -- CAPITAL,1 -- CAPITAL,8 -- CAPITAL,
691,241 -- CAPITAL,1 -- CAPITAL,8 -- CAPITAL,
692,241 -- CAPITAL,1 -- CAPITAL,8 -- CAPITAL,
693,241 -- CAPITAL,1 -- CAPITAL,8 -- CAPITAL,
694,241 -- CAPITAL,1 -- CAPITAL,8 -- CAPITAL,
695,241 -- CAPITAL,1 -- CAPITAL,8 -- CAPITAL,
696,241 -- CAPITAL,1 -- CAPITAL,8 -- CAPITAL,
697,241 -- CAPITAL,1 -- CAPITAL,8 -- CAPITAL,
698,241 -- CAPITAL,1 -- CAPITAL,9 -- LAGUNA BRAVA,
699,241 -- CAPITAL,1 -- CAPITAL,9 -- LAGUNA BRAVA,
700,241 -- CAPITAL,1 -- CAPITAL,9 -- LAGUNA BRAVA,
701,241 -- CAPITAL,1 -- CAPITAL,9 -- LAGUNA BRAVA,
702,241 -- CAPITAL,1 -- CAPITAL,9 -- LAGUNA BRAVA,
703,241 -- CAPITAL,1 -- CAPITAL,9 -- LAGUNA BRAVA,
704,241 -- CAPITAL,1 -- CAPITAL,9 -- LAGUNA BRAVA,
705,241 -- CAPITAL,1 -- CAPITAL,9 -- LAGUNA BRAVA,
706,241 -- CAPITAL,1 -- CAPITAL,9 -- LAGUNA BRAVA,
707,241 -- CAPITAL,1 -- CAPITAL,9 -- LAGUNA BRAVA,
708,241 -- CAPITAL,1 -- CAPITAL,9 -- LAGUNA BRAVA,
709,241 -- CAPITAL,1 -- CAPITAL,9 -- LAGUNA BRAVA,
710,241 -- CAPITAL,1 -- CAPITAL,9 -- LAGUNA BRAVA,
711,241 -- CAPITAL,1 -- CAPITAL,9 -- LAGUNA BRAVA,
712,241 -- CAPITAL,1 -- CAPITAL,9 -- LAGUNA BRAVA,
713,241 -- CAPITAL,1 -- CAPITAL,9 -- LAGUNA BRAVA,
714,241 -- CAPITAL,1 -- CAPITAL,9 -- LAGUNA BRAVA,
715,241 -- CAPITAL,1 -- CAPITAL,9 -- LAGUNA BRAVA,
716,241 -- CAPITAL,1 -- CAPITAL,9 -- LAGUNA BRAVA,
717,241 -- CAPITAL,1 -- CAPITAL,9 -- LAGUNA BRAVA,
718,241 -- CAPITAL,1 -- CAPITAL,9 -- LAGUNA BRAVA,
719,241 -- CAPITAL,1 -- CAPITAL,9 -- LAGUNA BRAVA,
720,241 -- CAPITAL,1 -- CAPITAL,9 -- LAGUNA BRAVA,
721,241 -- CAPITAL,1 -- CAPITAL,9 -- LAGUNA BRAVA,
722,241 -- CAPITAL,1 -- CAPITAL,9 -- LAGUNA BRAVA,
723,241 -- CAPITAL,1 -- CAPITAL,9 -- LAGUNA BRAVA,
724,241 -- CAPITAL,1 -- CAPITAL,9 -- LAGUNA BRAVA,
725,241 -- CAPITAL,1 -- CAPITAL,9 -- LAGUNA BRAVA,
726,241 -- CAPITAL,1 -- CAPITAL,9 -- LAGUNA BRAVA,
727,241 -- CAPITAL,1 -- CAPITAL,9 -- LAGUNA BRAVA,
728,241 -- CAPITAL,1 -- CAPITAL,9 -- LAGUNA BRAVA,
729,241 -- CAPITAL,1 -- CAPITAL,9 -- LAGUNA BRAVA,
730,241 -- CAPITAL,1 -- CAPITAL,9 -- LAGUNA BRAVA,
731,241 -- CAPITAL,1 -- CAPITAL,9 -- LAGUNA BRAVA,
732,241 -- CAPITAL,1 -- CAPITAL,9 -- LAGUNA BRAVA,
733,241 -- CAPITAL,1 -- CAPITAL,9 -- LAGUNA BRAVA,
734,241 -- CAPITAL,1 -- CAPITAL,9 -- LAGUNA BRAVA,
735,241 -- CAPITAL,1 -- CAPITAL,9 -- LAGUNA BRAVA,
736,241 -- CAPITAL,1 -- CAPITAL,9 -- LAGUNA BRAVA,
737,241 -- CAPITAL,1 -- CAPITAL,9 -- LAGUNA BRAVA,
738,241 -- CAPITAL,1 -- CAPITAL,9 -- LAGUNA BRAVA,
739,241 -- CAPITAL,1 -- CAPITAL,9 -- LAGUNA BRAVA,
740,241 -- CAPITAL,1 -- CAPITAL,9 -- LAGUNA BRAVA,
741,241 -- CAPITAL,1 -- CAPITAL,9 -- LAGUNA BRAVA,
742,241 -- CAPITAL,1 -- CAPITAL,9 -- LAGUNA BRAVA,
743,241 -- CAPITAL,1 -- CAPITAL,9 -- LAGUNA BRAVA,
744,241 -- CAPITAL,1 -- CAPITAL,9 -- LAGUNA BRAVA,
745,241 -- CAPITAL,1 -- CAPITAL,9 -- LAGUNA BRAVA,
746,241 -- CAPITAL,1 -- CAPITAL,9 -- LAGUNA BRAVA,
747,241 -- CAPITAL,1 -- CAPITAL,9 -- LAGUNA BRAVA,
748,241 -- CAPITAL,1 -- CAPITAL,9 -- LAGUNA BRAVA,
749,241 -- CAPITAL,1 -- CAPITAL,9 -- LAGUNA BRAVA,
750,241 -- CAPITAL,1 -- CAPITAL,9 -- LAGUNA BRAVA,
751,241 -- CAPITAL,1 -- CAPITAL,9 -- LAGUNA BRAVA,
752,241 -- CAPITAL,1 -- CAPITAL,9 -- LAGUNA BRAVA,
753,241 -- CAPITAL,1 -- CAPITAL,9 -- LAGUNA BRAVA,
754,241 -- CAPITAL,1 -- CAPITAL,9 -- LAGUNA BRAVA,
755,241 -- CAPITAL,1 -- CAPITAL,9 -- LAGUNA BRAVA,
756,241 -- CAPITAL,1 -- CAPITAL,9 -- LAGUNA BRAVA,
757,241 -- CAPITAL,1 -- CAPITAL,9 -- LAGUNA BRAVA,
758,241 -- CAPITAL,1 -- CAPITAL,9 -- LAGUNA BRAVA,
759,241 -- CAPITAL,1 -- CAPITAL,9 -- LAGUNA BRAVA,
760,241 -- CAPITAL,1 -- CAPITAL,9 -- LAGUNA BRAVA,
761,241 -- CAPITAL,1 -- CAPITAL,9 -- LAGUNA BRAVA,
762,241 -- CAPITAL,1 -- CAPITAL,9 -- LAGUNA BRAVA,
763,241 -- CAPITAL,1 -- CAPITAL,9 -- LAGUNA BRAVA,
764,241 -- CAPITAL,1 -- CAPITAL,9 -- LAGUNA BRAVA,
765,241 -- CAPITAL,1 -- CAPITAL,9 -- LAGUNA BRAVA,
766,241 -- CAPITAL,1 -- CAPITAL,9 -- LAGUNA BRAVA,
767,241 -- CAPITAL,1 -- CAPITAL,9 -- LAGUNA BRAVA,
768,241 -- CAPITAL,1 -- CAPITAL,9 -- LAGUNA BRAVA,
769,241 -- CAPITAL,1 -- CAPITAL,9 -- LAGUNA BRAVA,
770,241 -- CAPITAL,1 -- CAPITAL,9 -- LAGUNA BRAVA,
771,241 -- CAPITAL,1 -- CAPITAL,9 -- LAGUNA BRAVA,
772,241 -- CAPITAL,1 -- CAPITAL,9A -- PASO MARTINEZ,
773,241 -- CAPITAL,1 -- CAPITAL,9A -- PASO MARTINEZ,
774,241 -- CAPITAL,1 -- CAPITAL,10 -- SANTA CATALINA,
775,241 -- CAPITAL,1 -- CAPITAL,10 -- SANTA CATALINA,
776,241 -- CAPITAL,1 -- CAPITAL,10 -- SANTA CATALINA,
777,241 -- CAPITAL,1 -- CAPITAL,10 -- SANTA CATALINA,
778,241 -- CAPITAL,1 -- CAPITAL,10 -- SANTA CATALINA,
779,241 -- CAPITAL,1 -- CAPITAL,10 -- SANTA CATALINA,
780,241 -- CAPITAL,1 -- CAPITAL,10 -- SANTA CATALINA,
781,241 -- CAPITAL,1 -- CAPITAL,10 -- SANTA CATALINA,
782,241 -- CAPITAL,1 -- CAPITAL,10 -- SANTA CATALINA,
783,241 -- CAPITAL,1 -- CAPITAL,10 -- SANTA CATALINA,
784,241 -- CAPITAL,1 -- CAPITAL,10 -- SANTA CATALINA,
785,241 -- CAPITAL,1 -- CAPITAL,10 -- SANTA CATALINA,
786,241 -- CAPITAL,1 -- CAPITAL,10 -- SANTA CATALINA,
787,241 -- CAPITAL,1 -- CAPITAL,10 -- SANTA CATALINA,
788,241 -- CAPITAL,1 -- CAPITAL,10 -- SANTA CATALINA,
789,241 -- CAPITAL,1 -- CAPITAL,10 -- SANTA CATALINA,
790,241 -- CAPITAL,1 -- CAPITAL,10 -- SANTA CATALINA,
791,241 -- CAPITAL,1 -- CAPITAL,10 -- SANTA CATALINA,
792,241 -- CAPITAL,1 -- CAPITAL,10 -- SANTA CATALINA,
793,241 -- CAPITAL,1 -- CAPITAL,10 -- SANTA CATALINA,
794,241 -- CAPITAL,1 -- CAPITAL,10 -- SANTA CATALINA,
795,241 -- CAPITAL,1 -- CAPITAL,10 -- SANTA CATALINA,
796,241 -- CAPITAL,1 -- CAPITAL,10 -- SANTA CATALINA,
797,241 -- CAPITAL,1 -- CAPITAL,10 -- SANTA CATALINA,
798,241 -- CAPITAL,1 -- CAPITAL,10 -- SANTA CATALINA,